ประเภทความเสียหาย,จำนวนที่พบ
ผนังแตกร้าว  / Cracked wall,579
กระเบื้องหลุด/แตก  Tile loose/broken,331
เพดานหลุด/แตกร้าว  Ceiling falling/cracked,229
ประตู/หน้าต่างบิดเบี้ยวหรือปิดไม่สนิท Distorted or improperly closing doors/windows,146
เฟอร์นิเจอร์เสียหาย  / Damaged furniture,59
โปรดอธิบายรายละเอียดความเสียหายเพิ่มเติม (ถ้ามี),58
น้ำรั่วซึม / Water leak,55
ตัวเลือก 10,29
ระบบไฟฟ้าเสียหาย / Electrical system failure.,15
